{
  "task_type": "multiclass",
  "test_loss": 4.1426628708839415,
  "accuracy": 0.0449,
  "macro_f1": 0.01601736223642838,
  "auc": 0.9601920984259624
}