{
  "task_type": "multiclass",
  "test_loss": 1.980183669924736,
  "accuracy": 0.5516,
  "macro_f1": 0.4501834391790418,
  "auc": 0.9938141999674432
}