{
  "task_type": "multiclass",
  "test_loss": 1.958282971382141,
  "accuracy": 0.5783,
  "macro_f1": 0.47871936699350676,
  "auc": 0.9934339093221667
}