{
  "task_type": "multiclass",
  "test_loss": 3.969889134168625,
  "accuracy": 0.0565,
  "macro_f1": 0.021670374188455542,
  "auc": 0.9654839101497203
}